name,xform,cv,initial,final
CD16,log,10,9.883235532,3.26819138694412
CD20_SUDHL4,log,10,390,66777.709745869
CD20_Z138,log,10,390,3080.50726943233
g_SUDHL4,log,1,0.026874477,0.0218896808688389
g_Z138,log,1,0.026874477,0.0306176374098268
gamma,log,Inf,3.37e-06,0.000155484210836992
kexp,log,10,1.129546307,1.14233403108506
koff16_V158,log,0.1,16.956,17.9877773094478
r,log,10,2.813069022,1.8770277871103
