name,cv,cvxf,initial,final
CD16,10,2.14828315564808,9.883235532,6.23249559077957
CD20_SUDHL4,10,2.14828315564808,390,65197.7621876233
CD20_Z138,10,2.14828315564808,390,2884.1830135467
g_SUDHL4,1,0.832554611157698,0.026874477,0.0310216052250417
g_Z138,1,0.832554611157698,0.026874477,0.029303246621309
gamma,Inf,Inf,3.37e-06,0.000126234672261253
kexp,10,2.14828315564808,1.129546307,1.13842492698226
koff16_V158,0.1,0.0997513451195927,16.956,17.8887114896854
r,10,2.14828315564808,2.813069022,1.75163474188864
