name,xform,cv,initial,final
CD16,log,2,9.883235532,106.542754426139
CD20_SUDHL4,log,2,390,115047.961117618
CD20_Z138,log,2,390,40980.6577398607
g_SUDHL4,log,1,0.026874477,0.01220864172001
g_Z138,log,1,0.026874477,0.374398908588764
gamma,log,1,3.37e-06,2.6931649205365e-06
kexp,log,1,1.129546307,0.972446186317841
koff16_F158,log,2,16.956,15.2412002159996
koff16_V158,log,2,16.956,161.434063593207
r,log,1,2.813069022,2.11987446276856
