name,xform,cv,initial,final
CD16,log,2,9.883235532,36.5424450406635
CD20_SUDHL4,log,2,390,3.16378502700606
CD20_Z138,log,2,390,0.878567092032357
g_SUDHL4,log,0.1,0.026874477,0.0279574283938115
g_Z138,log,0.1,0.026874477,0.0319680534212946
gamma,log,2,3.37e-06,0.00010567797284522
kexp,log,1,1.129546307,1.0255086724673
koff16_F158,log,1,16.956,50.6989235063029
koff16_V158,log,1,16.956,180.381397619492
koff20,log,1,0.0468,0.00534881879046401
r,log,1,2.813069022,4.18305061102962
