EXPT,SNP,CELL_LINE,EtoT,RTXngml,ADCC
Herter_4A,V158,Z138,25,0.064,16.31424307
Herter_4A,V158,Z138,25,0.316607383,7.535211268
Herter_4A,V158,Z138,25,1.566253671,-2.370581103
Herter_4A,V158,Z138,25,8,0.117059976
Herter_4A,V158,Z138,25,40.21373962,8.802350527
Herter_4A,V158,Z138,25,198.9369821,17.76979759
Herter_4A,V158,Z138,25,1016.116282,19.69405839
Herter_4B,F158,SUDHL4,25,0.064,-3.779069767
Herter_4B,F158,SUDHL4,25,0.322625024,-3.779069767
Herter_4B,F158,SUDHL4,25,1.6,3.779069767
Herter_4B,F158,SUDHL4,25,8.065625592,21.22093023
Herter_4B,F158,SUDHL4,25,40.65894762,34.88372093
Herter_4B,F158,SUDHL4,25,201.6406398,38.6627907
Herter_4B,F158,SUDHL4,25,1000,37.79069767
Herter_4C,F158,Z138,25,0.001023451,-3.817881566
Herter_4C,F158,Z138,25,0.00992303,0.283911672
Herter_4C,F158,Z138,25,0.09846652,-2.807359262
Herter_4C,F158,Z138,25,1,2.05026147
Herter_4C,F158,Z138,25,9.923029793,5.394321767
Herter_4C,F158,Z138,25,98.46652028,26.90872907
Herter_4C,F158,Z138,25,1047.452236,23.81555269
Herter_4D,F158,SUDHL4,25,0.001023332,-5.181098933
Herter_4D,F158,SUDHL4,25,0.010272736,-2.934601147
Herter_4D,F158,SUDHL4,25,0.098474142,-1.559120273
Herter_4D,F158,SUDHL4,25,1.011598897,8.948972926
Herter_4D,F158,SUDHL4,25,9.923413807,40.75996226
Herter_4D,F158,SUDHL4,25,97.34504639,66.04921246
Herter_4D,F158,SUDHL4,25,933.1466828,61.33773681
Herter_4E,V158,Z138,25,0.02,-6.944843512
Herter_4E,V158,Z138,25,0.327524279,-3.537336781
Herter_4E,V158,Z138,25,5.681883615,-2.332152093
Herter_4E,V158,Z138,25,95.76868023,16.79809299
Herter_4E,V158,Z138,25,1661.392848,11.08503868
Herter_4E,V158,Z138,25,28002.93197,19.20899446
Herter_4E,V158,Z138,25,500000,17.58345837
Wang_8,F158,Raji,1.5625,5000,1.484716157
Wang_8,F158,Raji,3.125,5000,1.310043668
Wang_8,F158,Raji,6.25,5000,11.70305677
Wang_8,F158,Raji,12.5,5000,20.34934498
Wang_8,F158,Raji,25,5000,31.87772926
Wang_8,F158,Raji,50,5000,34.93449782
