EtoT,pctADCC
1.5625,1.484716157
3.125,1.310043668
6.25,11.70305677
12.5,20.34934498
25,31.87772926
50,34.93449782
